id,type,dc\.identifier,inScheme,member,notation,prefLabel,altLabel,broader,broaderTransitive,definition,note,semanticRelation,topConceptOf,narrower,narrowerTransitive,hasTopConcept
https://data.bodemenondergrond.vlaanderen.be/id/collection/boormethode/boormethodes,http://www.w3.org/2004/02/skos/core#Collection,be.vlaanderen.bodemenondergrond.data.id.collection.boormethode.boormethodes,https://data.omgeving.vlaanderen.be/id/conceptscheme/boormethode,https://data.bodemenondergrond.vlaanderen.be/id/concept/boormethode/avegaarboring|https://data.bodemenondergrond.vlaanderen.be/id/concept/boormethode/diagrafieboring|https://data.bodemenondergrond.vlaanderen.be/id/concept/boormethode/directespoelboring|https://data.bodemenondergrond.vlaanderen.be/id/concept/boormethode/drogeboring|https://data.bodemenondergrond.vlaanderen.be/id/concept/boormethode/edelmanboring|https://data.bodemenondergrond.vlaanderen.be/id/concept/boormethode/geenboring|https://data.bodemenondergrond.vlaanderen.be/id/concept/boormethode/gestokenboring|https://data.bodemenondergrond.vlaanderen.be/id/concept/boormethode/graafmachine|https://data.bodemenondergrond.vlaanderen.be/id/concept/boormethode/grijperboring|https://data.bodemenondergrond.vlaanderen.be/id/concept/boormethode/grindboring|https://data.bodemenondergrond.vlaanderen.be/id/concept/boormethode/gutsboring|https://data.bodemenondergrond.vlaanderen.be/id/concept/boormethode/hamerboring|https://data.bodemenondergrond.vlaanderen.be/id/concept/boormethode/handboring|https://data.bodemenondergrond.vlaanderen.be/id/concept/boormethode/handlepelboring|https://data.bodemenondergrond.vlaanderen.be/id/concept/boormethode/handpulsboring|https://data.bodemenondergrond.vlaanderen.be/id/concept/boormethode/handsteekboring|https://data.bodemenondergrond.vlaanderen.be/id/concept/boormethode/kernboring|https://data.bodemenondergrond.vlaanderen.be/id/concept/boormethode/lans|https://data.bodemenondergrond.vlaanderen.be/id/concept/boormethode/lepelboring|https://data.bodemenondergrond.vlaanderen.be/id/concept/boormethode/luchthevel|https://data.bodemenondergrond.vlaanderen.be/id/concept/boormethode/machinaleboring|https://data.bodemenondergrond.vlaanderen.be/id/concept/boormethode/meerderetechnieken|https://data.bodemenondergrond.vlaanderen.be/id/concept/boormethode/omgekeerdespoelboring|https://data.bodemenondergrond.vlaanderen.be/id/concept/boormethode/onbekend|https://data.bodemenondergrond.vlaanderen.be/id/concept/boormethode/pulsboring|https://data.bodemenondergrond.vlaanderen.be/id/concept/boormethode/ramguts|https://data.bodemenondergrond.vlaanderen.be/id/concept/boormethode/ramkernboring|https://data.bodemenondergrond.vlaanderen.be/id/concept/boormethode/riversideboring|https://data.bodemenondergrond.vlaanderen.be/id/concept/boormethode/rollerbit|https://data.bodemenondergrond.vlaanderen.be/id/concept/boormethode/slagboring|https://data.bodemenondergrond.vlaanderen.be/id/concept/boormethode/sonischeboring|https://data.bodemenondergrond.vlaanderen.be/id/concept/boormethode/spade|https://data.bodemenondergrond.vlaanderen.be/id/concept/boormethode/spiraalboring|https://data.bodemenondergrond.vlaanderen.be/id/concept/boormethode/spoelboring|https://data.bodemenondergrond.vlaanderen.be/id/concept/boormethode/trilboring|https://data.bodemenondergrond.vlaanderen.be/id/concept/boormethode/veenboring|https://data.bodemenondergrond.vlaanderen.be/id/concept/boormethode/vrijwitboring|https://data.bodemenondergrond.vlaanderen.be/id/concept/boormethode/zuigerboring,collectie_boormethodes,Collectie van boormethodes,null,null,null,null,null,null,null,null,null,null
https://data.bodemenondergrond.vlaanderen.be/id/concept/boormethode/avegaarboring,http://www.w3.org/2004/02/skos/core#Concept,be.vlaanderen.bodemenondergrond.data.id.concept.boormethode.avegaarboring,https://data.omgeving.vlaanderen.be/id/conceptscheme/boormethode,null,avegaarboring,avegaarboring,"volle avegaarboring, gewone avegaarboring, machinale spiraalboring",https://data.bodemenondergrond.vlaanderen.be/id/concept/boormethode/drogeboring,https://data.bodemenondergrond.vlaanderen.be/id/concept/boormethode/drogeboring|https://data.bodemenondergrond.vlaanderen.be/id/concept/boormethode/machinaleboring,De volle of gewone avegaarboring wordt uitgevoerd met een machinaal aangedreven spiraalboor (schroef). De grond wordt los gefreesd door een schroef die ook instaat voor het transport van de grond naar het maaiveld.,De volle of gewone avegaarboring wordt uitgevoerd met een machinaal aangedreven spiraalboor (schroef). De grond wordt los gefreesd door een schroef die ook instaat voor het transport van de grond naar het maaiveld.|Beschrijving in CMA/1/A.1 - Type Boringen en uitvoeringsmethodes gehanteerd bij staalname (https://reflabos.vito.be/2018/CMA_1_A.1.pdf).,https://data.bodemenondergrond.vlaanderen.be/id/concept/boormethode/drogeboring|https://data.bodemenondergrond.vlaanderen.be/id/concept/boormethode/machinaleboring,https://data.omgeving.vlaanderen.be/id/conceptscheme/boormethode,null,null,null
https://data.bodemenondergrond.vlaanderen.be/id/concept/boormethode/diagrafieboring,http://www.w3.org/2004/02/skos/core#Concept,be.vlaanderen.bodemenondergrond.data.id.concept.boormethode.diagrafieboring,https://data.omgeving.vlaanderen.be/id/conceptscheme/boormethode,null,diagrafieboring,diagrafieboring,null,https://data.bodemenondergrond.vlaanderen.be/id/concept/boormethode/machinaleboring,https://data.bodemenondergrond.vlaanderen.be/id/concept/boormethode/machinaleboring,Destructieve boring waarbij tijdens het boren de boorparameters (zoals boorsnelheid) geregistreerd worden om zo heterogene variaties in de ondergrond vast te leggen.,Destructieve boring waarbij tijdens het boren de boorparameters (zoals boorsnelheid) geregistreerd worden om zo heterogene variaties in de ondergrond vast te leggen.|Beschrijving Techniek Verticale boringen (https://smetgroup.be/wp-content/uploads/techniek_verticale_boringen.pdf).,https://data.bodemenondergrond.vlaanderen.be/id/concept/boormethode/machinaleboring,https://data.omgeving.vlaanderen.be/id/conceptscheme/boormethode,null,null,null
https://data.bodemenondergrond.vlaanderen.be/id/concept/boormethode/directespoelboring,http://www.w3.org/2004/02/skos/core#Concept,be.vlaanderen.bodemenondergrond.data.id.concept.boormethode.directespoelboring,https://data.omgeving.vlaanderen.be/id/conceptscheme/boormethode,null,directespoelboring,directe spoelboring,"directe spoelboring, direct flush, straight flush, spuitboring",https://data.bodemenondergrond.vlaanderen.be/id/concept/boormethode/spoelboring,https://data.bodemenondergrond.vlaanderen.be/id/concept/boormethode/spoelboring,"Bij een directe spoelboring verloopt de neerwaartse watertoevoer via de boorstangen en de bij de boring vrijkomende grond wordt omhoog getransporteerd via de ruimte tussen de boorstangen en de boorwand, de zogenaamde annulaire ruimte.","Bij een directe spoelboring verloopt de neerwaartse watertoevoer via de boorstangen en de bij de boring vrijkomende grond wordt omhoog getransporteerd via de ruimte tussen de boorstangen en de boorwand, de zogenaamde annulaire ruimte.|Beschrijving: Boren voor de installatie van verticale bodemwarmtewisselaars (versie 3.1) - Smart Geotherm: (https://www.smartgeotherm.be/documents/2014/01/boren-voor-de-installatie-van-verticale-bodemwarmtewisselaars-bij-ondiepe-geothermie.pdf/). Boringen en exploitatie van grondwaterwinningsputten. Deel 1 Overzicht van de meest gebruikte boortechnieken (https://navigator.emis.vito.be/light?woId=76828&woLang=nl&woVersion=2024-04-07).",https://data.bodemenondergrond.vlaanderen.be/id/concept/boormethode/spoelboring,https://data.omgeving.vlaanderen.be/id/conceptscheme/boormethode,null,null,null
https://data.bodemenondergrond.vlaanderen.be/id/concept/boormethode/drogeboring,http://www.w3.org/2004/02/skos/core#Concept,be.vlaanderen.bodemenondergrond.data.id.concept.boormethode.drogeboring,https://data.omgeving.vlaanderen.be/id/conceptscheme/boormethode,null,drogeboring,drogeboring,null,https://data.bodemenondergrond.vlaanderen.be/id/concept/boormethode/machinaleboring,https://data.bodemenondergrond.vlaanderen.be/id/concept/boormethode/machinaleboring,Machinaal uitgevoerde boring uitgevoerd zonder het gebruik van spoelvloeistof.,Machinaal uitgevoerde boring uitgevoerd zonder het gebruik van spoelvloeistof.,https://data.bodemenondergrond.vlaanderen.be/id/concept/boormethode/avegaarboring|https://data.bodemenondergrond.vlaanderen.be/id/concept/boormethode/gestokenboring|https://data.bodemenondergrond.vlaanderen.be/id/concept/boormethode/lepelboring|https://data.bodemenondergrond.vlaanderen.be/id/concept/boormethode/machinaleboring|https://data.bodemenondergrond.vlaanderen.be/id/concept/boormethode/ramguts|https://data.bodemenondergrond.vlaanderen.be/id/concept/boormethode/ramkernboring|https://data.bodemenondergrond.vlaanderen.be/id/concept/boormethode/slagboring|https://data.bodemenondergrond.vlaanderen.be/id/concept/boormethode/sonischeboring|https://data.bodemenondergrond.vlaanderen.be/id/concept/boormethode/trilboring,https://data.omgeving.vlaanderen.be/id/conceptscheme/boormethode,https://data.bodemenondergrond.vlaanderen.be/id/concept/boormethode/avegaarboring|https://data.bodemenondergrond.vlaanderen.be/id/concept/boormethode/lepelboring|https://data.bodemenondergrond.vlaanderen.be/id/concept/boormethode/slagboring|https://data.bodemenondergrond.vlaanderen.be/id/concept/boormethode/trilboring,https://data.bodemenondergrond.vlaanderen.be/id/concept/boormethode/avegaarboring|https://data.bodemenondergrond.vlaanderen.be/id/concept/boormethode/gestokenboring|https://data.bodemenondergrond.vlaanderen.be/id/concept/boormethode/lepelboring|https://data.bodemenondergrond.vlaanderen.be/id/concept/boormethode/ramguts|https://data.bodemenondergrond.vlaanderen.be/id/concept/boormethode/ramkernboring|https://data.bodemenondergrond.vlaanderen.be/id/concept/boormethode/slagboring|https://data.bodemenondergrond.vlaanderen.be/id/concept/boormethode/sonischeboring|https://data.bodemenondergrond.vlaanderen.be/id/concept/boormethode/trilboring,null
https://data.bodemenondergrond.vlaanderen.be/id/concept/boormethode/edelmanboring,http://www.w3.org/2004/02/skos/core#Concept,be.vlaanderen.bodemenondergrond.data.id.concept.boormethode.edelmanboring,https://data.omgeving.vlaanderen.be/id/conceptscheme/boormethode,null,edelmanboring,edelmanboring,null,https://data.bodemenondergrond.vlaanderen.be/id/concept/boormethode/handboring,https://data.bodemenondergrond.vlaanderen.be/id/concept/boormethode/handboring,Handboring uitgevoerd met een edelmanboor voor geroerde staalname.,Beschrijving in CMA/1/A.1 - Type Boringen en uitvoeringsmethodes gehanteerd bij staalname (https://reflabos.vito.be/2018/CMA_1_A.1.pdf).|Handboring uitgevoerd met een edelmanboor voor geroerde staalname.,https://data.bodemenondergrond.vlaanderen.be/id/concept/boormethode/handboring,https://data.omgeving.vlaanderen.be/id/conceptscheme/boormethode,null,null,null
https://data.bodemenondergrond.vlaanderen.be/id/concept/boormethode/geenboring,http://www.w3.org/2004/02/skos/core#Concept,be.vlaanderen.bodemenondergrond.data.id.concept.boormethode.geenboring,https://data.omgeving.vlaanderen.be/id/conceptscheme/boormethode,null,geenboring,geen boring,null,null,null,"Deze boormethode wordt gebruikt om objecten te beschrijven die niet bemonsterd werden d.m.v. een boring. Het kan gaan om een voorput, profiel, een groeve of een ontsluiting.","Deze boormethode wordt gebruikt om objecten te beschrijven die niet bemonsterd werden d.m.v. een boring. Het kan gaan om een voorput, profiel, een groeve of een ontsluiting.",https://data.bodemenondergrond.vlaanderen.be/id/concept/boormethode/graafmachine|https://data.bodemenondergrond.vlaanderen.be/id/concept/boormethode/spade,https://data.omgeving.vlaanderen.be/id/conceptscheme/boormethode,https://data.bodemenondergrond.vlaanderen.be/id/concept/boormethode/graafmachine|https://data.bodemenondergrond.vlaanderen.be/id/concept/boormethode/spade,https://data.bodemenondergrond.vlaanderen.be/id/concept/boormethode/graafmachine|https://data.bodemenondergrond.vlaanderen.be/id/concept/boormethode/spade,null
https://data.bodemenondergrond.vlaanderen.be/id/concept/boormethode/gestokenboring,http://www.w3.org/2004/02/skos/core#Concept,be.vlaanderen.bodemenondergrond.data.id.concept.boormethode.gestokenboring,https://data.omgeving.vlaanderen.be/id/conceptscheme/boormethode,null,gestokenboring,gestoken boring,steekboring,https://data.bodemenondergrond.vlaanderen.be/id/concept/boormethode/slagboring,https://data.bodemenondergrond.vlaanderen.be/id/concept/boormethode/drogeboring|https://data.bodemenondergrond.vlaanderen.be/id/concept/boormethode/machinaleboring|https://data.bodemenondergrond.vlaanderen.be/id/concept/boormethode/slagboring,Boring uitgevoerd met een machinaal aangedreven steekboor voorzien van een staalnamebuis die in de grond wordt geslagen voor (semi) ongeroerde staalname.,Beschrijving in CMA/1/A.1 - Type Boringen en uitvoeringsmethodes gehanteerd bij staalname (https://reflabos.vito.be/2018/CMA_1_A.1.pdf).|Boring uitgevoerd met een machinaal aangedreven steekboor voorzien van een staalnamebuis die in de grond wordt geslagen voor (semi) ongeroerde staalname.,https://data.bodemenondergrond.vlaanderen.be/id/concept/boormethode/drogeboring|https://data.bodemenondergrond.vlaanderen.be/id/concept/boormethode/machinaleboring|https://data.bodemenondergrond.vlaanderen.be/id/concept/boormethode/slagboring,https://data.omgeving.vlaanderen.be/id/conceptscheme/boormethode,null,null,null
https://data.bodemenondergrond.vlaanderen.be/id/concept/boormethode/graafmachine,http://www.w3.org/2004/02/skos/core#Concept,be.vlaanderen.bodemenondergrond.data.id.concept.boormethode.graafmachine,https://data.omgeving.vlaanderen.be/id/conceptscheme/boormethode,null,graafmachine,graafmachine,null,https://data.bodemenondergrond.vlaanderen.be/id/concept/boormethode/geenboring,https://data.bodemenondergrond.vlaanderen.be/id/concept/boormethode/geenboring,Deze boormethode wordt gebruikt om objecten te beschrijven die bemonsterd werden d.m.v. een graafmachine.,Deze boormethode wordt gebruikt om objecten te beschrijven die bemonsterd werden d.m.v. een graafmachine.,https://data.bodemenondergrond.vlaanderen.be/id/concept/boormethode/geenboring,https://data.omgeving.vlaanderen.be/id/conceptscheme/boormethode,null,null,null
https://data.bodemenondergrond.vlaanderen.be/id/concept/boormethode/grijperboring,http://www.w3.org/2004/02/skos/core#Concept,be.vlaanderen.bodemenondergrond.data.id.concept.boormethode.grijperboring,https://data.omgeving.vlaanderen.be/id/conceptscheme/boormethode,null,grijperboring,grijperboring,null,https://data.bodemenondergrond.vlaanderen.be/id/concept/boormethode/machinaleboring,https://data.bodemenondergrond.vlaanderen.be/id/concept/boormethode/machinaleboring,"Dit is een methode die meestal wordt aangewend voor het aanleggen van waterwinningen met zeer grote diameter en in zeer grof materiaal, zoals dit het geval is in bv. de maasgrinden. Hierbij wordt een grote casing door middel van een oscillatiebeweging (schudkader) in de grond gedreven die vervolgens, zoals bij het pulsen, aan de binnenkant wordt leeggemaakt d.m.v. een grijper aan een kabelkraan. Als de casing tot in de watervoerende laag gedreven is en leeggemaakt, wordt in het midden ervan de putuitrusting geplaatst, die met het nodige grindpakket wordt omgeven, terwijl stelselmatig de casing wordt teruggetrokken.","Dit is een methode die meestal wordt aangewend voor het aanleggen van waterwinningen met zeer grote diameter en in zeer grof materiaal, zoals dit het geval is in bv. de maasgrinden. Hierbij wordt een grote casing door middel van een oscillatiebeweging (schudkader) in de grond gedreven die vervolgens, zoals bij het pulsen, aan de binnenkant wordt leeggemaakt d.m.v. een grijper aan een kabelkraan. Als de casing tot in de watervoerende laag gedreven is en leeggemaakt, wordt in het midden ervan de putuitrusting geplaatst, die met het nodige grindpakket wordt omgeven, terwijl stelselmatig de casing wordt teruggetrokken.|Boringen en exploitatie van grondwaterwinningsputten. Deel 1 Overzicht van de meest gebruikte boortechnieken (https://navigator.emis.vito.be/light?woId=76828&woLang=nl&woVersion=2024-04-07).",https://data.bodemenondergrond.vlaanderen.be/id/concept/boormethode/machinaleboring,https://data.omgeving.vlaanderen.be/id/conceptscheme/boormethode,null,null,null
https://data.bodemenondergrond.vlaanderen.be/id/concept/boormethode/grindboring,http://www.w3.org/2004/02/skos/core#Concept,be.vlaanderen.bodemenondergrond.data.id.concept.boormethode.grindboring,https://data.omgeving.vlaanderen.be/id/conceptscheme/boormethode,null,grindboring,grindboring,null,https://data.bodemenondergrond.vlaanderen.be/id/concept/boormethode/handboring,https://data.bodemenondergrond.vlaanderen.be/id/concept/boormethode/handboring,Handboring uitgevoerd met een grindboor voor staalname van harde en/of puinrijke gronden.,Beschrijving in CMA/1/A.1 - Type Boringen en uitvoeringsmethodes gehanteerd bij staalname (https://reflabos.vito.be/2018/CMA_1_A.1.pdf).|Handboring uitgevoerd met een grindboor voor staalname van harde en/of puinrijke gronden.,https://data.bodemenondergrond.vlaanderen.be/id/concept/boormethode/handboring,https://data.omgeving.vlaanderen.be/id/conceptscheme/boormethode,null,null,null
https://data.bodemenondergrond.vlaanderen.be/id/concept/boormethode/gutsboring,http://www.w3.org/2004/02/skos/core#Concept,be.vlaanderen.bodemenondergrond.data.id.concept.boormethode.gutsboring,https://data.omgeving.vlaanderen.be/id/conceptscheme/boormethode,null,gutsboring,gutsboring,null,https://data.bodemenondergrond.vlaanderen.be/id/concept/boormethode/handboring,https://data.bodemenondergrond.vlaanderen.be/id/concept/boormethode/handboring,Handboring uitgevoerd door de guts zo verticaal mogelijk in de grond te drukken of hameren voor minimaal geroerde staalname.,Beschrijving in CMA/1/A.1 - Type Boringen en uitvoeringsmethodes gehanteerd bij staalname (https://reflabos.vito.be/2018/CMA_1_A.1.pdf).|Handboring uitgevoerd door de guts zo verticaal mogelijk in de grond te drukken of hameren voor minimaal geroerde staalname.,https://data.bodemenondergrond.vlaanderen.be/id/concept/boormethode/handboring,https://data.omgeving.vlaanderen.be/id/conceptscheme/boormethode,null,null,null
https://data.bodemenondergrond.vlaanderen.be/id/concept/boormethode/hamerboring,http://www.w3.org/2004/02/skos/core#Concept,be.vlaanderen.bodemenondergrond.data.id.concept.boormethode.hamerboring,https://data.omgeving.vlaanderen.be/id/conceptscheme/boormethode,null,hamerboring,hamerboring,"luchthamer, steenboring",https://data.bodemenondergrond.vlaanderen.be/id/concept/boormethode/machinaleboring,https://data.bodemenondergrond.vlaanderen.be/id/concept/boormethode/machinaleboring,"Boring uitgevoerd met een machinaal aangedreven steenboor, hamer of luchthamer door harde ondergrond.","Boringen en exploitatie van grondwaterwinningsputten. Deel 1 Overzicht van de meest gebruikte boortechnieken (https://navigator.emis.vito.be/light?woId=76828&woLang=nl&woVersion=2024-04-07).|Boring uitgevoerd met een machinaal aangedreven steenboor, hamer of luchthamer door harde ondergrond.",https://data.bodemenondergrond.vlaanderen.be/id/concept/boormethode/machinaleboring,https://data.omgeving.vlaanderen.be/id/conceptscheme/boormethode,null,null,null
https://data.bodemenondergrond.vlaanderen.be/id/concept/boormethode/handboring,http://www.w3.org/2004/02/skos/core#Concept,be.vlaanderen.bodemenondergrond.data.id.concept.boormethode.handboring,https://data.omgeving.vlaanderen.be/id/conceptscheme/boormethode,null,handboring,handboring,null,null,null,Boormethode waarbij een apparaat met de hand wordt bediend en door draaien of drukken dieper de grond in wordt gedreven.,Boormethode waarbij een apparaat met de hand wordt bediend en door draaien of drukken dieper de grond in wordt gedreven.|Definitie overgenomen van Basis Registratie Ondergrond (https://docs.geostandaarden.nl/bro/def-im-bhr-g-20230607/#detail_class_Model_Boortechniek).,https://data.bodemenondergrond.vlaanderen.be/id/concept/boormethode/edelmanboring|https://data.bodemenondergrond.vlaanderen.be/id/concept/boormethode/grindboring|https://data.bodemenondergrond.vlaanderen.be/id/concept/boormethode/gutsboring|https://data.bodemenondergrond.vlaanderen.be/id/concept/boormethode/handlepelboring|https://data.bodemenondergrond.vlaanderen.be/id/concept/boormethode/handpulsboring|https://data.bodemenondergrond.vlaanderen.be/id/concept/boormethode/handsteekboring|https://data.bodemenondergrond.vlaanderen.be/id/concept/boormethode/riversideboring|https://data.bodemenondergrond.vlaanderen.be/id/concept/boormethode/spiraalboring|https://data.bodemenondergrond.vlaanderen.be/id/concept/boormethode/veenboring|https://data.bodemenondergrond.vlaanderen.be/id/concept/boormethode/vrijwitboring|https://data.bodemenondergrond.vlaanderen.be/id/concept/boormethode/zuigerboring,https://data.omgeving.vlaanderen.be/id/conceptscheme/boormethode,https://data.bodemenondergrond.vlaanderen.be/id/concept/boormethode/edelmanboring|https://data.bodemenondergrond.vlaanderen.be/id/concept/boormethode/grindboring|https://data.bodemenondergrond.vlaanderen.be/id/concept/boormethode/gutsboring|https://data.bodemenondergrond.vlaanderen.be/id/concept/boormethode/handlepelboring|https://data.bodemenondergrond.vlaanderen.be/id/concept/boormethode/handpulsboring|https://data.bodemenondergrond.vlaanderen.be/id/concept/boormethode/handsteekboring|https://data.bodemenondergrond.vlaanderen.be/id/concept/boormethode/riversideboring|https://data.bodemenondergrond.vlaanderen.be/id/concept/boormethode/spiraalboring|https://data.bodemenondergrond.vlaanderen.be/id/concept/boormethode/veenboring|https://data.bodemenondergrond.vlaanderen.be/id/concept/boormethode/vrijwitboring|https://data.bodemenondergrond.vlaanderen.be/id/concept/boormethode/zuigerboring,https://data.bodemenondergrond.vlaanderen.be/id/concept/boormethode/edelmanboring|https://data.bodemenondergrond.vlaanderen.be/id/concept/boormethode/grindboring|https://data.bodemenondergrond.vlaanderen.be/id/concept/boormethode/gutsboring|https://data.bodemenondergrond.vlaanderen.be/id/concept/boormethode/handlepelboring|https://data.bodemenondergrond.vlaanderen.be/id/concept/boormethode/handpulsboring|https://data.bodemenondergrond.vlaanderen.be/id/concept/boormethode/handsteekboring|https://data.bodemenondergrond.vlaanderen.be/id/concept/boormethode/riversideboring|https://data.bodemenondergrond.vlaanderen.be/id/concept/boormethode/spiraalboring|https://data.bodemenondergrond.vlaanderen.be/id/concept/boormethode/veenboring|https://data.bodemenondergrond.vlaanderen.be/id/concept/boormethode/vrijwitboring|https://data.bodemenondergrond.vlaanderen.be/id/concept/boormethode/zuigerboring,null
https://data.bodemenondergrond.vlaanderen.be/id/concept/boormethode/handlepelboring,http://www.w3.org/2004/02/skos/core#Concept,be.vlaanderen.bodemenondergrond.data.id.concept.boormethode.handlepelboring,https://data.omgeving.vlaanderen.be/id/conceptscheme/boormethode,null,handlepelboring,handlepelboring,null,https://data.bodemenondergrond.vlaanderen.be/id/concept/boormethode/handboring,https://data.bodemenondergrond.vlaanderen.be/id/concept/boormethode/handboring,Handboring uitgevoerd met een lepelboor voor (semi) geroerde staalname.,Definitie overgenomen van Basis Registratie Ondergrond (https://docs.geostandaarden.nl/bro/def-im-bhr-g-20230607/#detail_class_Model_Boortechniek).|Handboring uitgevoerd met een lepelboor voor (semi) geroerde staalname.,https://data.bodemenondergrond.vlaanderen.be/id/concept/boormethode/handboring,https://data.omgeving.vlaanderen.be/id/conceptscheme/boormethode,null,null,null
https://data.bodemenondergrond.vlaanderen.be/id/concept/boormethode/handpulsboring,http://www.w3.org/2004/02/skos/core#Concept,be.vlaanderen.bodemenondergrond.data.id.concept.boormethode.handpulsboring,https://data.omgeving.vlaanderen.be/id/conceptscheme/boormethode,null,handpulsboring,handpulsboring,null,https://data.bodemenondergrond.vlaanderen.be/id/concept/boormethode/handboring,https://data.bodemenondergrond.vlaanderen.be/id/concept/boormethode/handboring,Handboring uitgevoerd met een pulsboor voor geroerde staalname om niet-gedetailleerde boorbeschrijvingen uit te voeren.,Beschrijving in CMA/1/A.1 - Type Boringen en uitvoeringsmethodes gehanteerd bij staalname (https://reflabos.vito.be/2018/CMA_1_A.1.pdf).|Handboring uitgevoerd met een pulsboor voor geroerde staalname om niet-gedetailleerde boorbeschrijvingen uit te voeren.,https://data.bodemenondergrond.vlaanderen.be/id/concept/boormethode/handboring,https://data.omgeving.vlaanderen.be/id/conceptscheme/boormethode,null,null,null
https://data.bodemenondergrond.vlaanderen.be/id/concept/boormethode/handsteekboring,http://www.w3.org/2004/02/skos/core#Concept,be.vlaanderen.bodemenondergrond.data.id.concept.boormethode.handsteekboring,https://data.omgeving.vlaanderen.be/id/conceptscheme/boormethode,null,handsteekboring,handsteekboring,null,https://data.bodemenondergrond.vlaanderen.be/id/concept/boormethode/handboring,https://data.bodemenondergrond.vlaanderen.be/id/concept/boormethode/handboring,Handboring uitgevoerd met een steekboor voorzien van een staalnamebuis (liner) die in de grond wordt geduwd voor (semi) ongeroerde staalname.,Beschrijving in CMA/1/A.1 - Type Boringen en uitvoeringsmethodes gehanteerd bij staalname (https://reflabos.vito.be/2018/CMA_1_A.1.pdf).|Handboring uitgevoerd met een steekboor voorzien van een staalnamebuis (liner) die in de grond wordt geduwd voor (semi) ongeroerde staalname.,https://data.bodemenondergrond.vlaanderen.be/id/concept/boormethode/handboring,https://data.omgeving.vlaanderen.be/id/conceptscheme/boormethode,null,null,null
https://data.bodemenondergrond.vlaanderen.be/id/concept/boormethode/kernboring,http://www.w3.org/2004/02/skos/core#Concept,be.vlaanderen.bodemenondergrond.data.id.concept.boormethode.kernboring,https://data.omgeving.vlaanderen.be/id/conceptscheme/boormethode,null,kernboring,kernboring,"rotary kernboring, kroonboring",https://data.bodemenondergrond.vlaanderen.be/id/concept/boormethode/machinaleboring,https://data.bodemenondergrond.vlaanderen.be/id/concept/boormethode/machinaleboring,"Boring uitgevoerd met een kernboor, (rotary kernboor, kroonboor) of steenboor waarbij boorkernen als stalen van de ondergrond bekomen worden.","Beschrijving in CMA/1/A.1 - Type Boringen en uitvoeringsmethodes gehanteerd bij staalname (https://reflabos.vito.be/2018/CMA_1_A.1.pdf).|Boring uitgevoerd met een kernboor, (rotary kernboor, kroonboor) of steenboor waarbij boorkernen als stalen van de ondergrond bekomen worden.",https://data.bodemenondergrond.vlaanderen.be/id/concept/boormethode/machinaleboring,https://data.omgeving.vlaanderen.be/id/conceptscheme/boormethode,null,null,null
https://data.bodemenondergrond.vlaanderen.be/id/concept/boormethode/lans,http://www.w3.org/2004/02/skos/core#Concept,be.vlaanderen.bodemenondergrond.data.id.concept.boormethode.lans,https://data.omgeving.vlaanderen.be/id/conceptscheme/boormethode,null,lans,lansen,"spuitlans, waterslang",https://data.bodemenondergrond.vlaanderen.be/id/concept/boormethode/spoelboring,https://data.bodemenondergrond.vlaanderen.be/id/concept/boormethode/spoelboring,Lansen is een machinale boortechniek waarbij door water onder hogedruk in de grond te spuiten de grond wordt losgemaakt. Gelijktijdig wordt vaak een buis in het losse materiaal van het boorgat geduwd om het boorgat open te houden.,Lansen is een machinale boortechniek waarbij door water onder hogedruk in de grond te spuiten de grond wordt losgemaakt. Gelijktijdig wordt vaak een buis in het losse materiaal van het boorgat geduwd om het boorgat open te houden.,https://data.bodemenondergrond.vlaanderen.be/id/concept/boormethode/spoelboring,https://data.omgeving.vlaanderen.be/id/conceptscheme/boormethode,null,null,null
https://data.bodemenondergrond.vlaanderen.be/id/concept/boormethode/lepelboring,http://www.w3.org/2004/02/skos/core#Concept,be.vlaanderen.bodemenondergrond.data.id.concept.boormethode.lepelboring,https://data.omgeving.vlaanderen.be/id/conceptscheme/boormethode,null,lepelboring,lepelboring,null,https://data.bodemenondergrond.vlaanderen.be/id/concept/boormethode/drogeboring,https://data.bodemenondergrond.vlaanderen.be/id/concept/boormethode/drogeboring|https://data.bodemenondergrond.vlaanderen.be/id/concept/boormethode/machinaleboring,Boring uitgevoerd met een lepelboor die machinaal in de grond wordt gedreven.,Boring uitgevoerd met een lepelboor die machinaal in de grond wordt gedreven.,https://data.bodemenondergrond.vlaanderen.be/id/concept/boormethode/drogeboring|https://data.bodemenondergrond.vlaanderen.be/id/concept/boormethode/machinaleboring,https://data.omgeving.vlaanderen.be/id/conceptscheme/boormethode,null,null,null
https://data.bodemenondergrond.vlaanderen.be/id/concept/boormethode/luchthevel,http://www.w3.org/2004/02/skos/core#Concept,be.vlaanderen.bodemenondergrond.data.id.concept.boormethode.luchthevel,https://data.omgeving.vlaanderen.be/id/conceptscheme/boormethode,null,luchthevel,luchthevelboring,air-lift boring,https://data.bodemenondergrond.vlaanderen.be/id/concept/boormethode/spoelboring,https://data.bodemenondergrond.vlaanderen.be/id/concept/boormethode/spoelboring,Bij de luchthevelboring gebeurt het opwaarts transport van de boorspecie doorheen de concentrische annulaire ruimte van de dubbelwandige boorstangen. De opwaartse stroming wordt in stand gebracht door lucht via een compressor te injecteren net boven de beitel.,Beschrijving: Boren voor de installatie van verticale bodemwarmtewisselaars (versie 3.1) - Smart Geotherm: (https://www.smartgeotherm.be/documents/2014/01/boren-voor-de-installatie-van-verticale-bodemwarmtewisselaars-bij-ondiepe-geothermie.pdf/). Boringen en exploitatie van grondwaterwinningsputten. Deel 1 Overzicht van de meest gebruikte boortechnieken (https://navigator.emis.vito.be/light?woId=76828&woLang=nl&woVersion=2024-04-07).|Bij de luchthevelboring gebeurt het opwaarts transport van de boorspecie doorheen de concentrische annulaire ruimte van de dubbelwandige boorstangen. De opwaartse stroming wordt in stand gebracht door lucht via een compressor te injecteren net boven de beitel.,https://data.bodemenondergrond.vlaanderen.be/id/concept/boormethode/spoelboring,https://data.omgeving.vlaanderen.be/id/conceptscheme/boormethode,null,null,null
https://data.bodemenondergrond.vlaanderen.be/id/concept/boormethode/machinaleboring,http://www.w3.org/2004/02/skos/core#Concept,be.vlaanderen.bodemenondergrond.data.id.concept.boormethode.machinaleboring,https://data.omgeving.vlaanderen.be/id/conceptscheme/boormethode,null,machinaleboring,machinale boring,null,null,null,Machinaal uitgevoerde boring.,Machinaal uitgevoerde boring.,https://data.bodemenondergrond.vlaanderen.be/id/concept/boormethode/avegaarboring|https://data.bodemenondergrond.vlaanderen.be/id/concept/boormethode/diagrafieboring|https://data.bodemenondergrond.vlaanderen.be/id/concept/boormethode/drogeboring|https://data.bodemenondergrond.vlaanderen.be/id/concept/boormethode/gestokenboring|https://data.bodemenondergrond.vlaanderen.be/id/concept/boormethode/grijperboring|https://data.bodemenondergrond.vlaanderen.be/id/concept/boormethode/hamerboring|https://data.bodemenondergrond.vlaanderen.be/id/concept/boormethode/kernboring|https://data.bodemenondergrond.vlaanderen.be/id/concept/boormethode/lepelboring|https://data.bodemenondergrond.vlaanderen.be/id/concept/boormethode/pulsboring|https://data.bodemenondergrond.vlaanderen.be/id/concept/boormethode/ramguts|https://data.bodemenondergrond.vlaanderen.be/id/concept/boormethode/ramkernboring|https://data.bodemenondergrond.vlaanderen.be/id/concept/boormethode/slagboring|https://data.bodemenondergrond.vlaanderen.be/id/concept/boormethode/sonischeboring|https://data.bodemenondergrond.vlaanderen.be/id/concept/boormethode/trilboring,https://data.omgeving.vlaanderen.be/id/conceptscheme/boormethode,https://data.bodemenondergrond.vlaanderen.be/id/concept/boormethode/diagrafieboring|https://data.bodemenondergrond.vlaanderen.be/id/concept/boormethode/drogeboring|https://data.bodemenondergrond.vlaanderen.be/id/concept/boormethode/grijperboring|https://data.bodemenondergrond.vlaanderen.be/id/concept/boormethode/hamerboring|https://data.bodemenondergrond.vlaanderen.be/id/concept/boormethode/kernboring|https://data.bodemenondergrond.vlaanderen.be/id/concept/boormethode/pulsboring,https://data.bodemenondergrond.vlaanderen.be/id/concept/boormethode/avegaarboring|https://data.bodemenondergrond.vlaanderen.be/id/concept/boormethode/diagrafieboring|https://data.bodemenondergrond.vlaanderen.be/id/concept/boormethode/drogeboring|https://data.bodemenondergrond.vlaanderen.be/id/concept/boormethode/gestokenboring|https://data.bodemenondergrond.vlaanderen.be/id/concept/boormethode/grijperboring|https://data.bodemenondergrond.vlaanderen.be/id/concept/boormethode/hamerboring|https://data.bodemenondergrond.vlaanderen.be/id/concept/boormethode/kernboring|https://data.bodemenondergrond.vlaanderen.be/id/concept/boormethode/lepelboring|https://data.bodemenondergrond.vlaanderen.be/id/concept/boormethode/pulsboring|https://data.bodemenondergrond.vlaanderen.be/id/concept/boormethode/ramguts|https://data.bodemenondergrond.vlaanderen.be/id/concept/boormethode/ramkernboring|https://data.bodemenondergrond.vlaanderen.be/id/concept/boormethode/slagboring|https://data.bodemenondergrond.vlaanderen.be/id/concept/boormethode/sonischeboring|https://data.bodemenondergrond.vlaanderen.be/id/concept/boormethode/trilboring,null
https://data.bodemenondergrond.vlaanderen.be/id/concept/boormethode/meerderetechnieken,http://www.w3.org/2004/02/skos/core#Concept,be.vlaanderen.bodemenondergrond.data.id.concept.boormethode.meerderetechnieken,https://data.omgeving.vlaanderen.be/id/conceptscheme/boormethode,null,meerderetechnieken,meerdere technieken,null,null,null,"Boring waarbij verschillende boormethoden gecombineerd werden tijdens de uitvoering,","Boring waarbij verschillende boormethoden gecombineerd werden tijdens de uitvoering,",null,https://data.omgeving.vlaanderen.be/id/conceptscheme/boormethode,null,null,null
https://data.bodemenondergrond.vlaanderen.be/id/concept/boormethode/omgekeerdespoelboring,http://www.w3.org/2004/02/skos/core#Concept,be.vlaanderen.bodemenondergrond.data.id.concept.boormethode.omgekeerdespoelboor,https://data.omgeving.vlaanderen.be/id/conceptscheme/boormethode,null,omgekeerdespoelboring,omgekeerde spoelboring,zuigboring,https://data.bodemenondergrond.vlaanderen.be/id/concept/boormethode/spoelboring,https://data.bodemenondergrond.vlaanderen.be/id/concept/boormethode/spoelboring,Bij een omgekeerde spoelboring verloopt de wateraanvoer via de annulaire ruimte en komt de vrijgekomen grond omhoog door de boorstangen.,Beschrijving: Boren voor de installatie van verticale bodemwarmtewisselaars (versie 3.1) - Smart Geotherm: (https://www.smartgeotherm.be/documents/2014/01/boren-voor-de-installatie-van-verticale-bodemwarmtewisselaars-bij-ondiepe-geothermie.pdf/). Boringen en exploitatie van grondwaterwinningsputten. Deel 1 Overzicht van de meest gebruikte boortechnieken (https://navigator.emis.vito.be/light?woId=76828&woLang=nl&woVersion=2024-04-07).|Bij een omgekeerde spoelboring verloopt de wateraanvoer via de annulaire ruimte en komt de vrijgekomen grond omhoog door de boorstangen.,https://data.bodemenondergrond.vlaanderen.be/id/concept/boormethode/spoelboring,https://data.omgeving.vlaanderen.be/id/conceptscheme/boormethode,null,null,null
https://data.bodemenondergrond.vlaanderen.be/id/concept/boormethode/onbekend,http://www.w3.org/2004/02/skos/core#Concept,be.vlaanderen.bodemenondergrond.data.id.concept.boormethode.onbekend,https://data.omgeving.vlaanderen.be/id/conceptscheme/boormethode,null,onbekend,onbekend,null,null,null,Het is niet gekend hoe het object bemonsterd werd. Deze optie wordt vooral gebruikt bij het ingeven van (oude) archiefdata waar de boormethode niet gedocumenteerd werd.,Het is niet gekend hoe het object bemonsterd werd. Deze optie wordt vooral gebruikt bij het ingeven van (oude) archiefdata waar de boormethode niet gedocumenteerd werd.,null,https://data.omgeving.vlaanderen.be/id/conceptscheme/boormethode,null,null,null
https://data.bodemenondergrond.vlaanderen.be/id/concept/boormethode/pulsboring,http://www.w3.org/2004/02/skos/core#Concept,be.vlaanderen.bodemenondergrond.data.id.concept.boormethode.pulsboring,https://data.omgeving.vlaanderen.be/id/conceptscheme/boormethode,null,pulsboring,pulsboring,"pulsinstallatie, counterflushboring",https://data.bodemenondergrond.vlaanderen.be/id/concept/boormethode/machinaleboring,https://data.bodemenondergrond.vlaanderen.be/id/concept/boormethode/machinaleboring,Boring uitgevoerd met een machinaal aangedreven pulsboor.,Boring uitgevoerd met een machinaal aangedreven pulsboor.|Beschrijving: Boren voor de installatie van verticale bodemwarmtewisselaars (versie 3.1) - Smart Geotherm: (https://www.smartgeotherm.be/documents/2014/01/boren-voor-de-installatie-van-verticale-bodemwarmtewisselaars-bij-ondiepe-geothermie.pdf/).,https://data.bodemenondergrond.vlaanderen.be/id/concept/boormethode/machinaleboring,https://data.omgeving.vlaanderen.be/id/conceptscheme/boormethode,null,null,null
https://data.bodemenondergrond.vlaanderen.be/id/concept/boormethode/ramguts,http://www.w3.org/2004/02/skos/core#Concept,be.vlaanderen.bodemenondergrond.data.id.concept.boormethode.ramguts,https://data.omgeving.vlaanderen.be/id/conceptscheme/boormethode,null,ramguts,ramguts,null,https://data.bodemenondergrond.vlaanderen.be/id/concept/boormethode/slagboring,https://data.bodemenondergrond.vlaanderen.be/id/concept/boormethode/drogeboring|https://data.bodemenondergrond.vlaanderen.be/id/concept/boormethode/machinaleboring|https://data.bodemenondergrond.vlaanderen.be/id/concept/boormethode/slagboring,Boring uitgevoerd met een gutsboor die machinaal met een slaghamer in de grond wordt gedreven.,Beschrijving in CMA/1/A.1 - Type Boringen en uitvoeringsmethodes gehanteerd bij staalname (https://reflabos.vito.be/2018/CMA_1_A.1.pdf).|Boring uitgevoerd met een gutsboor die machinaal met een slaghamer in de grond wordt gedreven.,https://data.bodemenondergrond.vlaanderen.be/id/concept/boormethode/drogeboring|https://data.bodemenondergrond.vlaanderen.be/id/concept/boormethode/machinaleboring|https://data.bodemenondergrond.vlaanderen.be/id/concept/boormethode/slagboring,https://data.omgeving.vlaanderen.be/id/conceptscheme/boormethode,null,null,null
https://data.bodemenondergrond.vlaanderen.be/id/concept/boormethode/ramkernboring,http://www.w3.org/2004/02/skos/core#Concept,be.vlaanderen.bodemenondergrond.data.id.concept.boormethode.ramkernboring,https://data.omgeving.vlaanderen.be/id/conceptscheme/boormethode,null,ramkernboring,ramkernboring,holle avegaarboring,https://data.bodemenondergrond.vlaanderen.be/id/concept/boormethode/slagboring,https://data.bodemenondergrond.vlaanderen.be/id/concept/boormethode/drogeboring|https://data.bodemenondergrond.vlaanderen.be/id/concept/boormethode/machinaleboring|https://data.bodemenondergrond.vlaanderen.be/id/concept/boormethode/slagboring,"Boring uitgevoerd met een machinaal aangedreven spiraalboor (schroef) rond een holle binnenbuis om op de bereikte diepte een monster te nemen m.b.v. een ramguts, steekbus, staalnamebuis, of een peilbuis te plaatsen. Een valgewicht hamert een binnenbuis, voorzien van een staalnamebuis tot op diepte.","Boring uitgevoerd met een machinaal aangedreven spiraalboor (schroef) rond een holle binnenbuis om op de bereikte diepte een monster te nemen m.b.v. een ramguts, steekbus, staalnamebuis, of een peilbuis te plaatsen. Een valgewicht hamert een binnenbuis, voorzien van een staalnamebuis tot op diepte.|Bron: Afdeling Geotechniek (VO). Beschrijving in CMA/1/A.1 - Type Boringen en uitvoeringsmethodes gehanteerd bij staalname (https://reflabos.vito.be/2018/CMA_1_A.1.pdf).",https://data.bodemenondergrond.vlaanderen.be/id/concept/boormethode/drogeboring|https://data.bodemenondergrond.vlaanderen.be/id/concept/boormethode/machinaleboring|https://data.bodemenondergrond.vlaanderen.be/id/concept/boormethode/slagboring,https://data.omgeving.vlaanderen.be/id/conceptscheme/boormethode,null,null,null
https://data.bodemenondergrond.vlaanderen.be/id/concept/boormethode/riversideboring,http://www.w3.org/2004/02/skos/core#Concept,be.vlaanderen.bodemenondergrond.data.id.concept.boormethode.riversideboring,https://data.omgeving.vlaanderen.be/id/conceptscheme/boormethode,null,riversideboring,riversideboring,null,https://data.bodemenondergrond.vlaanderen.be/id/concept/boormethode/handboring,https://data.bodemenondergrond.vlaanderen.be/id/concept/boormethode/handboring,Handboring uitgevoerd met een riversideboor voor geroerde staalname.,Beschrijving in CMA/1/A.1 - Type Boringen en uitvoeringsmethodes gehanteerd bij staalname (https://reflabos.vito.be/2018/CMA_1_A.1.pdf).|Handboring uitgevoerd met een riversideboor voor geroerde staalname.,https://data.bodemenondergrond.vlaanderen.be/id/concept/boormethode/handboring,https://data.omgeving.vlaanderen.be/id/conceptscheme/boormethode,null,null,null
https://data.bodemenondergrond.vlaanderen.be/id/concept/boormethode/rollerbit,http://www.w3.org/2004/02/skos/core#Concept,be.vlaanderen.bodemenondergrond.data.id.concept.boormethode.rollerbit,https://data.omgeving.vlaanderen.be/id/conceptscheme/boormethode,null,rollerbit,rollerbit,"spoelboring met rollerbit, spoelboring met rollenbeitel",https://data.bodemenondergrond.vlaanderen.be/id/concept/boormethode/spoelboring,https://data.bodemenondergrond.vlaanderen.be/id/concept/boormethode/spoelboring,"Boring uitgevoerd met een mechanisch aangedreven rollenbeitel door harde ondergrond,","Beschrijving Techniek Verticale boringen (https://smetgroup.be/wp-content/uploads/techniek_verticale_boringen.pdf).|Boring uitgevoerd met een mechanisch aangedreven rollenbeitel door harde ondergrond,",https://data.bodemenondergrond.vlaanderen.be/id/concept/boormethode/spoelboring,https://data.omgeving.vlaanderen.be/id/conceptscheme/boormethode,null,null,null
https://data.bodemenondergrond.vlaanderen.be/id/concept/boormethode/slagboring,http://www.w3.org/2004/02/skos/core#Concept,be.vlaanderen.bodemenondergrond.data.id.concept.boormethode.slagboring,https://data.omgeving.vlaanderen.be/id/conceptscheme/boormethode,null,slagboring,slagboring,null,https://data.bodemenondergrond.vlaanderen.be/id/concept/boormethode/drogeboring,https://data.bodemenondergrond.vlaanderen.be/id/concept/boormethode/drogeboring|https://data.bodemenondergrond.vlaanderen.be/id/concept/boormethode/machinaleboring,"Boring waarbij middels slagen op de boorstang, deze in de ondergrond ingebracht wordt.","Boring waarbij middels slagen op de boorstang, deze in de ondergrond ingebracht wordt.|Beschrijving: Boren voor de installatie van verticale bodemwarmtewisselaars (versie 3.1) - Smart Geotherm: (https://www.smartgeotherm.be/documents/2014/01/boren-voor-de-installatie-van-verticale-bodemwarmtewisselaars-bij-ondiepe-geothermie.pdf).",https://data.bodemenondergrond.vlaanderen.be/id/concept/boormethode/drogeboring|https://data.bodemenondergrond.vlaanderen.be/id/concept/boormethode/gestokenboring|https://data.bodemenondergrond.vlaanderen.be/id/concept/boormethode/machinaleboring|https://data.bodemenondergrond.vlaanderen.be/id/concept/boormethode/ramguts|https://data.bodemenondergrond.vlaanderen.be/id/concept/boormethode/ramkernboring,https://data.omgeving.vlaanderen.be/id/conceptscheme/boormethode,https://data.bodemenondergrond.vlaanderen.be/id/concept/boormethode/gestokenboring|https://data.bodemenondergrond.vlaanderen.be/id/concept/boormethode/ramguts|https://data.bodemenondergrond.vlaanderen.be/id/concept/boormethode/ramkernboring,https://data.bodemenondergrond.vlaanderen.be/id/concept/boormethode/gestokenboring|https://data.bodemenondergrond.vlaanderen.be/id/concept/boormethode/ramguts|https://data.bodemenondergrond.vlaanderen.be/id/concept/boormethode/ramkernboring,null
https://data.bodemenondergrond.vlaanderen.be/id/concept/boormethode/sonischeboring,http://www.w3.org/2004/02/skos/core#Concept,be.vlaanderen.bodemenondergrond.data.id.concept.boormethode.sonischeboring,https://data.omgeving.vlaanderen.be/id/conceptscheme/boormethode,null,sonischeboring,roto-sonische boring,sonische boring,https://data.bodemenondergrond.vlaanderen.be/id/concept/boormethode/trilboring,https://data.bodemenondergrond.vlaanderen.be/id/concept/boormethode/drogeboring|https://data.bodemenondergrond.vlaanderen.be/id/concept/boormethode/machinaleboring|https://data.bodemenondergrond.vlaanderen.be/id/concept/boormethode/trilboring,De (roto) sonische boring is een trilboring waarbij de boorstang onder hoogfrequente trilling al dan niet roterend in de grond wordt gebracht.,De (roto) sonische boring is een trilboring waarbij de boorstang onder hoogfrequente trilling al dan niet roterend in de grond wordt gebracht.|Beschrijving in CMA/1/A.1 - Type Boringen en uitvoeringsmethodes gehanteerd bij staalname (https://reflabos.vito.be/2018/CMA_1_A.1.pdf). Beschrijving: Boren voor de installatie van verticale bodemwarmtewisselaars (versie 3.1) - Smart Geotherm: (https://www.smartgeotherm.be/documents/2014/01/boren-voor-de-installatie-van-verticale-bodemwarmtewisselaars-bij-ondiepe-geothermie.pdf).,https://data.bodemenondergrond.vlaanderen.be/id/concept/boormethode/drogeboring|https://data.bodemenondergrond.vlaanderen.be/id/concept/boormethode/machinaleboring|https://data.bodemenondergrond.vlaanderen.be/id/concept/boormethode/trilboring,https://data.omgeving.vlaanderen.be/id/conceptscheme/boormethode,null,null,null
https://data.bodemenondergrond.vlaanderen.be/id/concept/boormethode/spade,http://www.w3.org/2004/02/skos/core#Concept,be.vlaanderen.bodemenondergrond.data.id.concept.boormethode.spade,https://data.omgeving.vlaanderen.be/id/conceptscheme/boormethode,null,spade,spade,null,https://data.bodemenondergrond.vlaanderen.be/id/concept/boormethode/geenboring,https://data.bodemenondergrond.vlaanderen.be/id/concept/boormethode/geenboring,Deze boormethode wordt gebruikt om objecten te beschrijven die bemonsterd werden d.m.v. een spade.,Deze boormethode wordt gebruikt om objecten te beschrijven die bemonsterd werden d.m.v. een spade.,https://data.bodemenondergrond.vlaanderen.be/id/concept/boormethode/geenboring,https://data.omgeving.vlaanderen.be/id/conceptscheme/boormethode,null,null,null
https://data.bodemenondergrond.vlaanderen.be/id/concept/boormethode/spiraalboring,http://www.w3.org/2004/02/skos/core#Concept,be.vlaanderen.bodemenondergrond.data.id.concept.boormethode.spiraalboring,https://data.omgeving.vlaanderen.be/id/conceptscheme/boormethode,null,spiraalboring,spiraalboring,handavegaarboring,https://data.bodemenondergrond.vlaanderen.be/id/concept/boormethode/handboring,https://data.bodemenondergrond.vlaanderen.be/id/concept/boormethode/handboring,Handboring uitgevoerd met een schroef voor geroerde staalname.,Beschrijving in CMA/1/A.1 - Type Boringen en uitvoeringsmethodes gehanteerd bij staalname (https://reflabos.vito.be/2018/CMA_1_A.1.pdf).|Handboring uitgevoerd met een schroef voor geroerde staalname.,https://data.bodemenondergrond.vlaanderen.be/id/concept/boormethode/handboring,https://data.omgeving.vlaanderen.be/id/conceptscheme/boormethode,null,null,null
https://data.bodemenondergrond.vlaanderen.be/id/concept/boormethode/spoelboring,http://www.w3.org/2004/02/skos/core#Concept,be.vlaanderen.bodemenondergrond.data.id.concept.boormethode.spoelboring,https://data.omgeving.vlaanderen.be/id/conceptscheme/boormethode,null,spoelboring,spoelboring,null,null,null,"De spoelboring is, behalve de eerste meters, een onverbuisde boortechniek waarbij met een roterende getande boorbeitel die bevestigd is aan een holle boorbuis, de grond wordt losgemaakt. Het losgeboorde materiaal wordt door middel van een vloeistof naar boven getransporteerd. Deze vloeistof of spoeling dient niet alleen om het losgeboorde materiaal te verwijderen, maar ook om de boorgatwand stabiel te houden. Men maakt een onderscheid tussen verschillende spoelboringen afhankelijk van de manier waarop de spoeling circuleert.","Beschrijving: Boren voor de installatie van verticale bodemwarmtewisselaars (versie 3.1) - Smart Geotherm: (https://www.smartgeotherm.be/documents/2014/01/boren-voor-de-installatie-van-verticale-bodemwarmtewisselaars-bij-ondiepe-geothermie.pdf/). Boringen en exploitatie van grondwaterwinningsputten. Deel 1 Overzicht van de meest gebruikte boortechnieken (https://navigator.emis.vito.be/light?woId=76828&woLang=nl&woVersion=2024-04-07).|De spoelboring is, behalve de eerste meters, een onverbuisde boortechniek waarbij met een roterende getande boorbeitel die bevestigd is aan een holle boorbuis, de grond wordt losgemaakt. Het losgeboorde materiaal wordt door middel van een vloeistof naar boven getransporteerd. Deze vloeistof of spoeling dient niet alleen om het losgeboorde materiaal te verwijderen, maar ook om de boorgatwand stabiel te houden. Men maakt een onderscheid tussen verschillende spoelboringen afhankelijk van de manier waarop de spoeling circuleert.",https://data.bodemenondergrond.vlaanderen.be/id/concept/boormethode/directespoelboring|https://data.bodemenondergrond.vlaanderen.be/id/concept/boormethode/lans|https://data.bodemenondergrond.vlaanderen.be/id/concept/boormethode/luchthevel|https://data.bodemenondergrond.vlaanderen.be/id/concept/boormethode/omgekeerdespoelboring|https://data.bodemenondergrond.vlaanderen.be/id/concept/boormethode/rollerbit,https://data.omgeving.vlaanderen.be/id/conceptscheme/boormethode,https://data.bodemenondergrond.vlaanderen.be/id/concept/boormethode/directespoelboring|https://data.bodemenondergrond.vlaanderen.be/id/concept/boormethode/lans|https://data.bodemenondergrond.vlaanderen.be/id/concept/boormethode/luchthevel|https://data.bodemenondergrond.vlaanderen.be/id/concept/boormethode/omgekeerdespoelboring|https://data.bodemenondergrond.vlaanderen.be/id/concept/boormethode/rollerbit,https://data.bodemenondergrond.vlaanderen.be/id/concept/boormethode/directespoelboring|https://data.bodemenondergrond.vlaanderen.be/id/concept/boormethode/lans|https://data.bodemenondergrond.vlaanderen.be/id/concept/boormethode/luchthevel|https://data.bodemenondergrond.vlaanderen.be/id/concept/boormethode/omgekeerdespoelboring|https://data.bodemenondergrond.vlaanderen.be/id/concept/boormethode/rollerbit,null
https://data.bodemenondergrond.vlaanderen.be/id/concept/boormethode/trilboring,http://www.w3.org/2004/02/skos/core#Concept,be.vlaanderen.bodemenondergrond.data.id.concept.boormethode.trilboring,https://data.omgeving.vlaanderen.be/id/conceptscheme/boormethode,null,trilboring,trilboring,null,https://data.bodemenondergrond.vlaanderen.be/id/concept/boormethode/drogeboring,https://data.bodemenondergrond.vlaanderen.be/id/concept/boormethode/drogeboring|https://data.bodemenondergrond.vlaanderen.be/id/concept/boormethode/machinaleboring,Boring waarbij de boorstang machinaal in de grond wordt getrild.,Beschrijving in CMA/1/A.1 - Type Boringen en uitvoeringsmethodes gehanteerd bij staalname (https://reflabos.vito.be/2018/CMA_1_A.1.pdf).|Boring waarbij de boorstang machinaal in de grond wordt getrild.,https://data.bodemenondergrond.vlaanderen.be/id/concept/boormethode/drogeboring|https://data.bodemenondergrond.vlaanderen.be/id/concept/boormethode/machinaleboring|https://data.bodemenondergrond.vlaanderen.be/id/concept/boormethode/sonischeboring,https://data.omgeving.vlaanderen.be/id/conceptscheme/boormethode,https://data.bodemenondergrond.vlaanderen.be/id/concept/boormethode/sonischeboring,https://data.bodemenondergrond.vlaanderen.be/id/concept/boormethode/sonischeboring,null
https://data.bodemenondergrond.vlaanderen.be/id/concept/boormethode/veenboring,http://www.w3.org/2004/02/skos/core#Concept,be.vlaanderen.bodemenondergrond.data.id.concept.boormethode.veenboring,https://data.omgeving.vlaanderen.be/id/conceptscheme/boormethode,null,veenboring,veenboring,null,https://data.bodemenondergrond.vlaanderen.be/id/concept/boormethode/handboring,https://data.bodemenondergrond.vlaanderen.be/id/concept/boormethode/handboring,Handboring uitgevoerd met een veenboor voor (semi) geroerde staalname.,Handboring uitgevoerd met een veenboor voor (semi) geroerde staalname.|Beschrijving in CMA/1/A.4 - Apparatuur en materiaal (https://reflabos.vito.be/2024/CMA_1_A.4.pdf).,https://data.bodemenondergrond.vlaanderen.be/id/concept/boormethode/handboring,https://data.omgeving.vlaanderen.be/id/conceptscheme/boormethode,null,null,null
https://data.bodemenondergrond.vlaanderen.be/id/concept/boormethode/vrijwitboring,http://www.w3.org/2004/02/skos/core#Concept,be.vlaanderen.bodemenondergrond.data.id.concept.boormethode.vrijwitboring,https://data.omgeving.vlaanderen.be/id/conceptscheme/boormethode,null,vrijwitboring,vrijwitboring,null,https://data.bodemenondergrond.vlaanderen.be/id/concept/boormethode/handboring,https://data.bodemenondergrond.vlaanderen.be/id/concept/boormethode/handboring,Handboring uitgevoerd met een vrijwitboor voor ongeroerde staalname om de gelaagdheid en samenstelling van een bodem te beschrijven.,Beschrijving in CMA/1/A.4 - Apparatuur en materiaal (https://reflabos.vito.be/2024/CMA_1_A.4.pdf).|Handboring uitgevoerd met een vrijwitboor voor ongeroerde staalname om de gelaagdheid en samenstelling van een bodem te beschrijven.,https://data.bodemenondergrond.vlaanderen.be/id/concept/boormethode/handboring,https://data.omgeving.vlaanderen.be/id/conceptscheme/boormethode,null,null,null
https://data.bodemenondergrond.vlaanderen.be/id/concept/boormethode/zuigerboring,http://www.w3.org/2004/02/skos/core#Concept,be.vlaanderen.bodemenondergrond.data.id.concept.boormethode.zuigerboring,https://data.omgeving.vlaanderen.be/id/conceptscheme/boormethode,null,zuigerboring,zuigerboring,vanderstaayboring,https://data.bodemenondergrond.vlaanderen.be/id/concept/boormethode/handboring,https://data.bodemenondergrond.vlaanderen.be/id/concept/boormethode/handboring,Handboring uitgevoerd met een zuigerboor voorzien van een roestvrij stalen steekbuis voor ongeroerde staalname.,Handboring uitgevoerd met een zuigerboor voorzien van een roestvrij stalen steekbuis voor ongeroerde staalname.|Beschrijving in CMA/1/A.1 - Type Boringen en uitvoeringsmethodes gehanteerd bij staalname (https://reflabos.vito.be/2018/CMA_1_A.1.pdf). Beschrijving in CMA/1/A.4 - Apparatuur en materiaal (https://reflabos.vito.be/2024/CMA_1_A.4.pdf).,https://data.bodemenondergrond.vlaanderen.be/id/concept/boormethode/handboring,https://data.omgeving.vlaanderen.be/id/conceptscheme/boormethode,null,null,null
https://data.omgeving.vlaanderen.be/id/conceptscheme/boormethode,http://www.w3.org/2004/02/skos/core#ConceptScheme,be.vlaanderen.bodemenondergrond.data.id.conceptscheme.boormethode,null,null,boormethodes,boormethodes,null,null,null,Beschrijving welke procedure werd gevolgd bij de bemonstering.,Beschrijving welke procedure werd gevolgd bij de bemonstering.,null,null,null,null,https://data.bodemenondergrond.vlaanderen.be/id/concept/boormethode/avegaarboring|https://data.bodemenondergrond.vlaanderen.be/id/concept/boormethode/diagrafieboring|https://data.bodemenondergrond.vlaanderen.be/id/concept/boormethode/directespoelboring|https://data.bodemenondergrond.vlaanderen.be/id/concept/boormethode/drogeboring|https://data.bodemenondergrond.vlaanderen.be/id/concept/boormethode/edelmanboring|https://data.bodemenondergrond.vlaanderen.be/id/concept/boormethode/geenboring|https://data.bodemenondergrond.vlaanderen.be/id/concept/boormethode/gestokenboring|https://data.bodemenondergrond.vlaanderen.be/id/concept/boormethode/graafmachine|https://data.bodemenondergrond.vlaanderen.be/id/concept/boormethode/grijperboring|https://data.bodemenondergrond.vlaanderen.be/id/concept/boormethode/grindboring|https://data.bodemenondergrond.vlaanderen.be/id/concept/boormethode/gutsboring|https://data.bodemenondergrond.vlaanderen.be/id/concept/boormethode/hamerboring|https://data.bodemenondergrond.vlaanderen.be/id/concept/boormethode/handboring|https://data.bodemenondergrond.vlaanderen.be/id/concept/boormethode/handlepelboring|https://data.bodemenondergrond.vlaanderen.be/id/concept/boormethode/handpulsboring|https://data.bodemenondergrond.vlaanderen.be/id/concept/boormethode/handsteekboring|https://data.bodemenondergrond.vlaanderen.be/id/concept/boormethode/kernboring|https://data.bodemenondergrond.vlaanderen.be/id/concept/boormethode/lans|https://data.bodemenondergrond.vlaanderen.be/id/concept/boormethode/lepelboring|https://data.bodemenondergrond.vlaanderen.be/id/concept/boormethode/luchthevel|https://data.bodemenondergrond.vlaanderen.be/id/concept/boormethode/machinaleboring|https://data.bodemenondergrond.vlaanderen.be/id/concept/boormethode/meerderetechnieken|https://data.bodemenondergrond.vlaanderen.be/id/concept/boormethode/omgekeerdespoelboring|https://data.bodemenondergrond.vlaanderen.be/id/concept/boormethode/onbekend|https://data.bodemenondergrond.vlaanderen.be/id/concept/boormethode/pulsboring|https://data.bodemenondergrond.vlaanderen.be/id/concept/boormethode/ramguts|https://data.bodemenondergrond.vlaanderen.be/id/concept/boormethode/ramkernboring|https://data.bodemenondergrond.vlaanderen.be/id/concept/boormethode/riversideboring|https://data.bodemenondergrond.vlaanderen.be/id/concept/boormethode/rollerbit|https://data.bodemenondergrond.vlaanderen.be/id/concept/boormethode/slagboring|https://data.bodemenondergrond.vlaanderen.be/id/concept/boormethode/sonischeboring|https://data.bodemenondergrond.vlaanderen.be/id/concept/boormethode/spade|https://data.bodemenondergrond.vlaanderen.be/id/concept/boormethode/spiraalboring|https://data.bodemenondergrond.vlaanderen.be/id/concept/boormethode/spoelboring|https://data.bodemenondergrond.vlaanderen.be/id/concept/boormethode/trilboring|https://data.bodemenondergrond.vlaanderen.be/id/concept/boormethode/veenboring|https://data.bodemenondergrond.vlaanderen.be/id/concept/boormethode/vrijwitboring|https://data.bodemenondergrond.vlaanderen.be/id/concept/boormethode/zuigerboring